name,cent_dgr,cent_btw,cent_cls,cent_egn,cent_wgt
국민권익위원회,4,1,0.05,1,0.21637426900584797
김영란,2,0,0.047619047619047616,0.7071067811865475,0.16940058479532166
법안심사소위원회,2,0,0.047619047619047616,0.7071042879615611,0.1571393762183236
정무위원회,4,1,0.05,0.9999964740474101,0.21637426900584794
이성보,2,0,0.047619047619047616,0.7071067811865477,0.11422514619883041
김용태,2,0,0.047619047619047616,0.7071042879615612,0.12648635477582848
